current ID,accumulated P/L,accumulated reward,reward,position,action,fpl,cu,ma1,ma2,ma3,ma4,ma5
121,0,0,0,0,3,0,0.6855188679245288,0.7209355345911933,0.7207688679245251,0,0,0
122,0,0,0,2,2,0,0.7555188679245219,0.7191855345911934,0.7207688679245251,0,0,0
123,0,0,0,2,1,-0.06999999999999318,0.6855188679245288,0.7197688679245267,0.7216438679245251,0,0,0
124,0.0,0.0,0.0,0,3,0.0,0.7555188679245219,0.71910220125786,0.720893867924525,0,0,0
125,0.0,0.0,0,0,3,0,0.7555188679245219,0.7191855345911933,0.7210188679245249,0,0,0
126,0.0,0.0,0,0,3,0,0.7555188679245219,0.7197688679245265,0.720018867924525,0,0,0
127,0.0,0.0,0,0,0,0,0.6855188679245288,0.7198522012578598,0.7208938679245248,0,0,0
128,0.0,0.0,0,2,2,0,0.6855188679245288,0.7198522012578598,0.7208938679245248,0,0,0
129,0.0,0.0,0,2,2,0.0,0.6855188679245288,0.7193522012578597,0.7208938679245248,0,0,0
130,0.0,0.0,0,2,0,0.06999999999999318,0.7555188679245219,0.7193522012578597,0.7201438679245248,0,0,0
131,0.0,0.0,0,2,1,0.06999999999999318,0.7555188679245219,0.719435534591193,0.7201438679245248,0,0,0
132,0.0,0.0,0,2,2,0.0,0.6855188679245288,0.7195188679245262,0.7210188679245247,0,0,0
133,0.0,0.0,0,2,2,0.06999999999999318,0.7555188679245219,0.7190188679245263,0.7201438679245248,0,0,0
134,0.0,0.0,0,2,1,0.06999999999999318,0.7555188679245219,0.7191022012578595,0.7210188679245247,0,0,0
135,0.0,0.0,0,2,1,0.0,0.6855188679245288,0.7191855345911927,0.7210188679245247,0,0,0
136,0.0,0.0,0,2,2,-0.04999999999999716,0.6355188679245316,0.7191855345911927,0.7210188679245247,0,0,0
137,0.0,0.0,0,2,1,0.03999999999999204,0.7255188679245208,0.7187688679245261,0.7195188679245248,0,0,0
138,0.0,0.0,0,2,2,0.060000000000002274,0.745518867924531,0.7191022012578594,0.7191438679245248,0,0,0
139,0.0,0.0,0,2,0,0.06999999999999318,0.7555188679245219,0.7196022012578595,0.7198938679245248,0,0,0
140,1899.9999999999773,1899.9999999999773,1899.9999999999773,0,3,0.18999999999999773,0.8755188679245265,0.7196855345911927,0.7198938679245248,0,0,0
141,1899.9999999999773,1899.9999999999773,0,2,2,0,0.8755188679245265,0.7212688679245259,0.7213938679245249,0,0,0
142,1899.9999999999773,1899.9999999999773,0,2,0,0.04000000000000625,0.9155188679245327,0.7223522012578593,0.7237688679245249,0,0,0
143,1899.9999999999773,1899.9999999999773,0,2,1,-0.010000000000005116,0.8655188679245214,0.7242688679245259,0.726643867924525,0,0,0
144,1899.9999999999773,1899.9999999999773,0,2,0,-0.010000000000005116,0.8655188679245214,0.7252688679245259,0.728018867924525,0,0,0
145,2099.9999999999372,2099.9999999999372,199.9999999999602,0,3,0.01999999999999602,0.8955188679245225,0.7262688679245258,0.7293938679245249,0,0,0
146,2099.9999999999372,2099.9999999999372,0,0,3,0,0.8955188679245225,0.7275188679245257,0.7311438679245249,0,0,0
147,2099.9999999999372,2099.9999999999372,0,2,2,0,0.8855188679245316,0.7292688679245257,0.7328938679245249,0,0,0
148,2099.9999999999372,2099.9999999999372,0,2,0,0.0,0.8855188679245316,0.7309355345911924,0.735393867924525,0,0,0
149,2099.9999999999372,2099.9999999999372,0,2,2,-0.05000000000001137,0.8355188679245202,0.7321022012578591,0.7370188679245251,0,0,0
150,2099.9999999999372,2099.9999999999372,0,2,0,-0.04000000000000625,0.8455188679245254,0.7333522012578589,0.7380188679245251,0,0,0
151,2099.9999999999372,2099.9999999999372,0,2,1,-0.04000000000000625,0.8455188679245254,0.7341855345911923,0.740018867924525,0,0,0
152,2099.9999999999372,2099.9999999999372,0,2,0,-0.07000000000000739,0.8155188679245242,0.7355188679245256,0.741143867924525,0,0,0
153,2099.9999999999372,2099.9999999999372,0,2,2,-0.05000000000001137,0.8355188679245202,0.7361022012578589,0.741893867924525,0,0,0
154,2099.9999999999372,2099.9999999999372,0,2,0,-0.0800000000000125,0.8055188679245191,0.7373522012578587,0.742893867924525,0,0,0
155,2099.9999999999372,2099.9999999999372,0,2,2,-0.060000000000002274,0.8255188679245293,0.7383522012578587,0.743518867924525,0,0,0
156,1599.9999999998236,1599.9999999998236,-500.0000000001137,0,3,-0.05000000000001137,0.8355188679245202,0.7390188679245253,0.7452688679245251,0,0,0
157,1599.9999999998236,1599.9999999998236,0,2,2,0,0.7655188679245271,0.7402688679245253,0.7462688679245251,0,0,0
158,1599.9999999998236,1599.9999999998236,0,2,2,0.06999999999999318,0.8355188679245202,0.7404355345911919,0.747268867924525,0,0,0
159,1599.9999999998236,1599.9999999998236,0,2,0,0.01999999999999602,0.7855188679245231,0.7416855345911918,0.748268867924525,0,0,0
160,2399.9999999998063,2399.9999999998063,799.999999999983,0,3,0.0799999999999983,0.8455188679245254,0.7425188679245251,0.7495188679245249,0,0,0
161,2399.9999999998063,2399.9999999998063,0,0,3,0,0.8355188679245202,0.7433522012578584,0.7515188679245248,0,0,0
162,2399.9999999998063,2399.9999999998063,0,0,0,0,0.8355188679245202,0.7446022012578584,0.7525188679245248,0,0,0
163,2399.9999999998063,2399.9999999998063,0,1,1,0,0.8355188679245202,0.7458522012578582,0.7543938679245248,0,0,0
164,2399.9999999998063,2399.9999999998063,0,1,1,0.009999999999990905,0.8255188679245293,0.7466022012578581,0.7553938679245247,0,0,0
165,2399.9999999998063,2399.9999999998063,0,1,2,0.04999999999999716,0.7855188679245231,0.7472688679245248,0.7562688679245249,0,0,0
166,2499.9999999997153,2499.9999999997153,99.99999999990905,0,3,0.009999999999990905,0.8255188679245293,0.7468522012578582,0.7575188679245247,0,0,0
167,2499.9999999997153,2499.9999999997153,0,0,0,0,0.8155188679245242,0.7480188679245249,0.7583938679245248,0,0,0
168,2499.9999999997153,2499.9999999997153,0,2,2,0,0.8055188679245191,0.7491022012578582,0.7600188679245248,0,0,0
169,2499.9999999997153,2499.9999999997153,0,2,0,0.010000000000005116,0.8155188679245242,0.7501022012578581,0.7606438679245248,0,0,0
170,2499.9999999997153,2499.9999999997153,0,2,2,0.030000000000001137,0.8355188679245202,0.7506855345911914,0.7613938679245248,0,0,0
171,2499.9999999997153,2499.9999999997153,0,2,0,0.04000000000000625,0.8455188679245254,0.751352201257858,0.7623938679245248,0,0,0
172,2499.9999999997153,2499.9999999997153,0,2,1,0.12000000000000455,0.9255188679245236,0.7526855345911913,0.7662688679245248,0,0,0
173,2499.9999999997153,2499.9999999997153,0,2,0,0.13000000000000966,0.9355188679245288,0.754102201257858,0.7683938679245248,0,0,0
174,3799.9999999998117,3799.9999999998117,1300.0000000000966,0,3,0.13000000000000966,0.9355188679245288,0.7561855345911913,0.7715188679245248,0,0,0
175,3799.9999999998117,3799.9999999998117,0,2,2,0,0.9355188679245288,0.7576855345911914,0.7737688679245249,0,0,0
176,3799.9999999998117,3799.9999999998117,0,2,1,-0.010000000000005116,0.9255188679245236,0.7597688679245247,0.7768938679245249,0,0,0
177,3799.9999999998117,3799.9999999998117,0.0,0,3,0.0,0.9355188679245288,0.7611855345911914,0.7798938679245249,0,0,0
178,3799.9999999998117,3799.9999999998117,0,0,0,0,0.9155188679245327,0.7626855345911915,0.782143867924525,0,0,0
179,3799.9999999998117,3799.9999999998117,0,1,1,0,0.9055188679245276,0.7646022012578582,0.7850188679245249,0,0,0
180,3599.9999999998518,3599.9999999998518,-199.9999999999602,0,3,-0.01999999999999602,0.9255188679245236,0.7658522012578582,0.7877688679245249,0,0,0
181,3599.9999999998518,3599.9999999998518,0,0,3,0,0.9255188679245236,0.7672688679245249,0.789893867924525,0,0,0
182,3599.9999999998518,3599.9999999998518,0,1,1,0,0.9155188679245327,0.7692688679245249,0.792018867924525,0,0,0
183,3599.9999999998518,3599.9999999998518,0,1,1,0.05000000000001137,0.8655188679245214,0.7711855345911915,0.7940188679245251,0,0,0
184,4799.999999999897,4799.999999999897,1200.0000000000455,0,3,0.12000000000000455,0.7955188679245282,0.7721022012578582,0.7953938679245252,0,0,0
185,4799.999999999897,4799.999999999897,0,1,1,0,0.8055188679245191,0.7724355345911916,0.7958938679245252,0,0,0
186,4799.999999999897,4799.999999999897,0,1,0,0.01999999999999602,0.7855188679245231,0.7728522012578583,0.7965188679245252,0,0,0
187,5299.999999999869,5299.999999999869,499.9999999999716,0,3,0.04999999999999716,0.7555188679245219,0.7731022012578582,0.7977688679245251,0,0,0
188,5299.999999999869,5299.999999999869,0,0,3,0,0.7655188679245271,0.7736855345911915,0.7977688679245251,0,0,0
189,5299.999999999869,5299.999999999869,0,0,0,0,0.7855188679245231,0.7737688679245249,0.7987688679245251,0,0,0
190,5299.999999999869,5299.999999999869,0,0,0,0,0.7755188679245322,0.7740188679245249,0.7991438679245251,0,0,0
191,5299.999999999869,5299.999999999869,0,0,0,0,0.7555188679245219,0.7747688679245249,0.8002688679245251,0,0,0
192,5299.999999999869,5299.999999999869,0,2,2,0,0.7855188679245231,0.7747688679245249,0.8011438679245251,0,0,0
193,5299.999999999869,5299.999999999869,0,2,2,-0.009999999999990905,0.7755188679245322,0.7750188679245249,0.8015188679245251,0,0,0
194,5299.999999999869,5299.999999999869,0,2,0,-0.01999999999999602,0.7655188679245271,0.7751855345911917,0.8026438679245251,0,0,0
195,5099.999999999909,5099.999999999909,-199.9999999999602,0,3,-0.01999999999999602,0.7655188679245271,0.7752688679245251,0.803643867924525,0,0,0
196,5099.999999999909,5099.999999999909,0,2,2,0,0.7555188679245219,0.7759355345911917,0.8037688679245252,0,0,0
197,5099.999999999909,5099.999999999909,0,2,2,0.010000000000005116,0.7655188679245271,0.7759355345911917,0.8075188679245251,0,0,0
198,5099.999999999909,5099.999999999909,0,2,2,0.04000000000000625,0.7955188679245282,0.7766022012578584,0.8076438679245251,0,0,0
199,5300.000000000011,5300.000000000011,200.00000000010232,0,3,0.020000000000010232,0.7755188679245322,0.7769355345911918,0.8090188679245252,0,0,0
200,5300.000000000011,5300.000000000011,0,0,3,0,0.7555188679245219,0.7776855345911918,0.8092688679245252,0,0,0
201,5300.000000000011,5300.000000000011,0,0,0,0,0.7755188679245322,0.7782688679245251,0.8101438679245252,0,0,0
202,5300.000000000011,5300.000000000011,0,0,0,0,0.745518867924531,0.7784355345911919,0.8112688679245252,0,0,0
203,5300.000000000011,5300.000000000011,0,0,0,0,0.8055188679245191,0.7789355345911918,0.8111438679245253,0,0,0
204,5300.000000000011,5300.000000000011,0,0,0,0,0.7955188679245282,0.7793522012578584,0.8126438679245253,0,0,0
205,5300.000000000011,5300.000000000011,0,0,3,0,0.8055188679245191,0.7796855345911918,0.8131438679245253,0,0,0
206,5300.000000000011,5300.000000000011,0,0,3,0,0.7955188679245282,0.7806855345911917,0.8137688679245253,0,0,0
207,5300.000000000011,5300.000000000011,0,0,3,0,0.7855188679245231,0.7810188679245251,0.8142688679245254,0,0,0
208,5300.000000000011,5300.000000000011,0,0,0,0,0.8055188679245191,0.7818522012578585,0.8155188679245253,0,0,0
209,5300.000000000011,5300.000000000011,0,0,0,0,0.7855188679245231,0.7822688679245251,0.8170188679245252,0,0,0
210,5300.000000000011,5300.000000000011,0,0,0,0,0.7255188679245208,0.7825188679245251,0.8182688679245251,0,0,0
211,5300.000000000011,5300.000000000011,0,1,1,0,0.7255188679245208,0.7822688679245251,0.8178938679245251,0,0,0
212,5300.000000000011,5300.000000000011,0,1,1,-0.020000000000010232,0.745518867924531,0.7838522012578584,0.8175188679245251,0,0,0
213,5300.000000000011,5300.000000000011,0,1,2,-0.05000000000001137,0.7755188679245322,0.7837688679245252,0.8182688679245251,0,0,0
214,5300.000000000011,5300.000000000011,0,1,0,-0.10000000000000853,0.8255188679245293,0.7845188679245252,0.8185188679245252,0,0,0
215,5300.000000000011,5300.000000000011,0,1,2,-0.10999999999999943,0.8355188679245202,0.7851022012578586,0.8193938679245253,0,0,0
216,5300.000000000011,5300.000000000011,0,1,0,-0.13000000000000966,0.8555188679245305,0.7863522012578585,0.8212688679245252,0,0,0
217,5300.000000000011,5300.000000000011,0.0,0,3,0.0,0.7255188679245208,0.7877688679245252,0.8240188679245252,0,0,0
218,5300.000000000011,5300.000000000011,0,0,3,0,0.7655188679245271,0.7875188679245252,0.8240188679245252,0,0,0
219,5300.000000000011,5300.000000000011,0,2,2,0,0.7955188679245282,0.7881855345911918,0.8242688679245251,0,0,0
220,5799.999999999983,5799.999999999983,499.9999999999716,0,3,0.04999999999999716,0.8455188679245254,0.7891022012578585,0.8247688679245252,0,0,0
221,5799.999999999983,5799.999999999983,0,2,2,0,0.9855188679245259,0.7898522012578585,0.8243938679245252,0,0,0
222,5799.999999999983,5799.999999999983,0,2,1,-0.04000000000000625,0.9455188679245197,0.7917688679245252,0.8257688679245252,0,0,0
223,5799.999999999983,5799.999999999983,0,2,1,-0.09000000000000341,0.8955188679245225,0.7933522012578585,0.826143867924525,0,0,0
224,5799.999999999983,5799.999999999983,0,2,1,-0.12000000000000455,0.8655188679245214,0.7945188679245252,0.826518867924525,0,0,0
225,5799.999999999983,5799.999999999983,0,2,2,-0.12000000000000455,0.8655188679245214,0.7954355345911919,0.826518867924525,0,0,0
226,5799.999999999983,5799.999999999983,0,2,2,-0.1599999999999966,0.8255188679245293,0.7963522012578585,0.826143867924525,0,0,0
227,5799.999999999983,5799.999999999983,0,2,1,-0.18999999999999773,0.7955188679245282,0.7975188679245252,0.8252688679245251,0,0,0
228,5799.999999999983,5799.999999999983,0,2,2,-0.18000000000000682,0.8055188679245191,0.7978522012578586,0.8241438679245251,0,0,0
229,5799.999999999983,5799.999999999983,0,2,2,-0.20000000000000284,0.7855188679245231,0.7988522012578585,0.8231438679245249,0,0,0
230,5799.999999999983,5799.999999999983,0,2,2,-0.20999999999999372,0.7755188679245322,0.7991022012578585,0.822518867924525,0,0,0
231,3700.0000000000455,3700.0000000000455,-2099.9999999999372,0,3,-0.20999999999999372,0.7755188679245322,0.7998522012578585,0.821643867924525,0,0,0
232,3700.0000000000455,3700.0000000000455,0,0,3,0,0.7855188679245231,0.8006022012578585,0.8207688679245251,0,0,0
233,3700.0000000000455,3700.0000000000455,0,0,3,0,0.7755188679245322,0.8008522012578586,0.8203938679245251,0,0,0
234,3700.0000000000455,3700.0000000000455,0,0,3,0,0.8255188679245293,0.8016022012578586,0.8196438679245253,0,0,0
235,3700.0000000000455,3700.0000000000455,0,2,2,0,0.8655188679245214,0.8027688679245253,0.8198938679245253,0,0,0
236,3700.0000000000455,3700.0000000000455,0,2,1,0.0,0.8655188679245214,0.803685534591192,0.8203938679245253,0,0,0
237,3700.0000000000455,3700.0000000000455,0,2,1,-0.01999999999999602,0.8455188679245254,0.8071022012578586,0.8207688679245253,0,0,0
238,3700.0000000000455,3700.0000000000455,0,2,2,0.010000000000005116,0.8755188679245265,0.8078522012578586,0.8217688679245253,0,0,0
239,3700.0000000000455,3700.0000000000455,0,2,0,-0.01999999999999602,0.8455188679245254,0.8094355345911919,0.8222688679245254,0,0,0
240,3700.0000000000455,3700.0000000000455,0,2,2,-0.009999999999990905,0.8555188679245305,0.8101855345911919,0.8230188679245254,0,0,0
241,3700.0000000000455,3700.0000000000455,0,2,1,-0.04999999999999716,0.8155188679245242,0.8116022012578586,0.8231438679245254,0,0,0
242,3700.0000000000455,3700.0000000000455,0,2,1,-0.060000000000002274,0.8055188679245191,0.812685534591192,0.8228938679245255,0,0,0
243,3700.0000000000455,3700.0000000000455,0,2,1,-0.060000000000002274,0.8055188679245191,0.8131022012578586,0.8225188679245254,0,0,0
244,3700.0000000000455,3700.0000000000455,0,2,1,-0.09999999999999432,0.7655188679245271,0.8141022012578585,0.8221438679245254,0,0,0
245,3700.0000000000455,3700.0000000000455,0,2,2,-0.09999999999999432,0.7655188679245271,0.8141855345911918,0.8213938679245254,0,0,0
246,3700.0000000000455,3700.0000000000455,0,2,1,-0.10999999999999943,0.7555188679245219,0.8142688679245252,0.8211438679245255,0,0,0
247,3700.0000000000455,3700.0000000000455,0,2,0,-0.14999999999999147,0.7155188679245299,0.8142688679245252,0.8202688679245254,0,0,0
248,3700.0000000000455,3700.0000000000455,0,2,2,-0.4899999999999949,0.3755188679245265,0.8145188679245252,0.8190188679245255,0,0,0
249,3700.0000000000455,3700.0000000000455,0,2,2,-0.44999999999998863,0.41551886792453274,0.8119355345911919,0.8136438679245256,0,0,0
250,3700.0000000000455,3700.0000000000455,0,2,2,-0.4699999999999989,0.3955188679245225,0.809685534591192,0.8086438679245257,0,0,0
251,3700.0000000000455,3700.0000000000455,0,2,1,-0.4299999999999926,0.43551886792452876,0.806685534591192,0.8031438679245257,0,0,0
252,3700.0000000000455,3700.0000000000455,0,2,0,-0.4699999999999989,0.3955188679245225,0.8040188679245254,0.7980188679245257,0,0,0
253,3700.0000000000455,3700.0000000000455,0,2,1,-0.5,0.3655188679245214,0.8016022012578586,0.7913938679245257,0,0,0
254,3700.0000000000455,3700.0000000000455,0,2,2,-0.45999999999999375,0.4055188679245276,0.7983522012578586,0.7842688679245257,0,0,0
255,3700.0000000000455,3700.0000000000455,0,2,2,-0.4699999999999989,0.3955188679245225,0.795435534591192,0.7776438679245257,0,0,0
256,3700.0000000000455,3700.0000000000455,0,2,2,-0.5,0.3655188679245214,0.7930188679245253,0.7708938679245255,0,0,0
257,3700.0000000000455,3700.0000000000455,0,2,2,-0.4799999999999898,0.3855188679245316,0.7907688679245252,0.7638938679245255,0,0,0
258,3700.0000000000455,3700.0000000000455,0,2,0,-0.5,0.3655188679245214,0.7879355345911919,0.7570188679245256,0,0,0
259,3700.0000000000455,3700.0000000000455,0,2,1,-0.4699999999999989,0.3955188679245225,0.7847688679245252,0.7501438679245254,0,0,0
260,3700.0000000000455,3700.0000000000455,0,2,2,-0.4699999999999989,0.3955188679245225,0.7817688679245252,0.7437688679245253,0,0,0
261,3700.0000000000455,3700.0000000000455,0,2,0,-0.5,0.3655188679245214,0.7777688679245252,0.7371438679245254,0,0,0
262,3700.0000000000455,3700.0000000000455,0,2,0,-0.4699999999999989,0.3955188679245225,0.7735188679245251,0.7301438679245253,0,0,0
263,3700.0000000000455,3700.0000000000455,0,2,1,-0.4799999999999898,0.3855188679245316,0.7691855345911917,0.7236438679245252,0,0,0
264,3700.0000000000455,3700.0000000000455,0,2,2,-0.4799999999999898,0.3855188679245316,0.7651855345911918,0.7176438679245253,0,0,0
265,3700.0000000000455,3700.0000000000455,0,2,1,-0.4699999999999989,0.3955188679245225,0.7611855345911919,0.7125188679245253,0,0,0
266,3700.0000000000455,3700.0000000000455,0,2,0,-0.4799999999999898,0.3855188679245316,0.7570188679245252,0.7073938679245254,0,0,0
267,3700.0000000000455,3700.0000000000455,0,2,1,-0.45999999999999375,0.4055188679245276,0.7527688679245252,0.7023938679245255,0,0,0
268,3700.0000000000455,3700.0000000000455,0,2,0,-0.4399999999999977,0.42551886792452365,0.7487688679245252,0.6980188679245256,0,0,0
269,3700.0000000000455,3700.0000000000455,0,2,1,-0.44999999999998863,0.41551886792453274,0.7449355345911919,0.6937688679245255,0,0,0
270,3700.0000000000455,3700.0000000000455,0,2,1,-0.4799999999999898,0.3855188679245316,0.7414355345911919,0.6891438679245256,0,0,0
271,3700.0000000000455,3700.0000000000455,0,2,2,-0.4699999999999989,0.3955188679245225,0.7376022012578587,0.6842688679245257,0,0,0
272,3700.0000000000455,3700.0000000000455,0,2,2,-0.4399999999999977,0.42551886792452365,0.7338522012578587,0.6797688679245256,0,0,0
273,3700.0000000000455,3700.0000000000455,0,2,0,-0.4699999999999989,0.3955188679245225,0.7306022012578587,0.6752688679245257,0,0,0
274,3700.0000000000455,3700.0000000000455,0,2,0,-0.4699999999999989,0.3955188679245225,0.726935534591192,0.6705188679245255,0,0,0
275,3700.0000000000455,3700.0000000000455,0,2,1,-0.4699999999999989,0.3955188679245225,0.7235188679245254,0.6658938679245254,0,0,0
276,3700.0000000000455,3700.0000000000455,0,2,0,-0.4899999999999949,0.3755188679245265,0.719935534591192,0.6612688679245254,0,0,0
277,3700.0000000000455,3700.0000000000455,0,2,1,-0.4799999999999898,0.3855188679245316,0.7161022012578587,0.6565188679245255,0,0,0
278,3700.0000000000455,3700.0000000000455,0,2,0,-0.44999999999998863,0.41551886792453274,0.7129355345911921,0.6517688679245255,0,0,0
279,3700.0000000000455,3700.0000000000455,0,2,2,-0.45999999999999375,0.4055188679245276,0.7094355345911921,0.6470188679245256,0,0,0
280,3700.0000000000455,3700.0000000000455,0,2,1,-0.3999999999999915,0.4655188679245299,0.7062688679245255,0.6423938679245256,0,0,0
281,3700.0000000000455,3700.0000000000455,0,2,1,-0.44999999999998863,0.41551886792453274,0.7031022012578589,0.6387688679245256,0,0,0
282,3700.0000000000455,3700.0000000000455,0,2,0,-0.4799999999999898,0.3855188679245316,0.699602201257859,0.6342688679245256,0,0,0
283,3700.0000000000455,3700.0000000000455,0,2,0,-0.4799999999999898,0.3855188679245316,0.6958522012578591,0.6297688679245257,0,0,0
284,3700.0000000000455,3700.0000000000455,0,2,1,-0.4899999999999949,0.3755188679245265,0.6921022012578592,0.6245188679245258,0,0,0
285,3700.0000000000455,3700.0000000000455,0,2,0,-0.45999999999999375,0.4055188679245276,0.6883522012578591,0.6192688679245257,0,0,0
286,3700.0000000000455,3700.0000000000455,0,2,2,-0.4699999999999989,0.3955188679245225,0.6851855345911926,0.6142688679245258,0,0,0
287,3700.0000000000455,3700.0000000000455,0,2,1,-0.5,0.3655188679245214,0.6816022012578592,0.6092688679245258,0,0,0
288,3700.0000000000455,3700.0000000000455,0,2,2,-0.5,0.3655188679245214,0.6778522012578592,0.6040188679245257,0,0,0
289,3700.0000000000455,3700.0000000000455,0,2,2,-0.4799999999999898,0.3855188679245316,0.6741855345911925,0.5985188679245258,0,0,0
290,3700.0000000000455,3700.0000000000455,0,2,0,-0.4799999999999898,0.3855188679245316,0.6706022012578592,0.5935188679245259,0,0,0
291,3700.0000000000455,3700.0000000000455,0,2,0,-0.4399999999999977,0.42551886792452365,0.6668522012578593,0.589268867924526,0,0,0
292,3700.0000000000455,3700.0000000000455,0,2,0,-0.4200000000000017,0.44551886792451967,0.6633522012578593,0.5855188679245261,0,0,0
293,3700.0000000000455,3700.0000000000455,0,2,1,-0.4799999999999898,0.3855188679245316,0.6593522012578592,0.581768867924526,0,0,0
294,3700.0000000000455,3700.0000000000455,0,2,0,-0.5,0.3655188679245214,0.6547688679245259,0.5768938679245259,0,0,0
295,3700.0000000000455,3700.0000000000455,0,2,0,-0.5,0.3655188679245214,0.6500188679245259,0.5711438679245259,0,0,0
296,3700.0000000000455,3700.0000000000455,0,2,1,-0.4799999999999898,0.3855188679245316,0.6452688679245259,0.5652688679245259,0,0,0
297,3700.0000000000455,3700.0000000000455,0,2,1,-0.4699999999999989,0.3955188679245225,0.6407688679245259,0.5593938679245258,0,0,0
298,3700.0000000000455,3700.0000000000455,0,2,0,-0.4799999999999898,0.3855188679245316,0.6362688679245259,0.5552688679245259,0,0,0
299,3700.0000000000455,3700.0000000000455,0,2,0,-0.4799999999999898,0.3855188679245316,0.6318522012578591,0.550518867924526,0,0,0
300,3700.0000000000455,3700.0000000000455,0,2,0,-0.4699999999999989,0.3955188679245225,0.6275188679245258,0.545393867924526,0,0,0
301,3700.0000000000455,3700.0000000000455,0,2,2,-0.5,0.3655188679245214,0.6231022012578592,0.5397688679245259,0,0,0
302,3700.0000000000455,3700.0000000000455,0,2,0,-0.4699999999999989,0.3955188679245225,0.6184355345911925,0.5320188679245259,0,0,0
303,3700.0000000000455,3700.0000000000455,0,2,1,-0.4899999999999949,0.3755188679245265,0.6141022012578591,0.5251438679245259,0,0,0
304,3700.0000000000455,3700.0000000000455,0,2,0,-0.4699999999999989,0.3955188679245225,0.6100188679245258,0.518643867924526,0,0,0
305,3700.0000000000455,3700.0000000000455,0,2,1,-0.5099999999999909,0.35551886792453047,0.6066855345911925,0.512768867924526,0,0,0
306,3700.0000000000455,3700.0000000000455,0,2,1,-0.5,0.3655188679245214,0.6029355345911925,0.5063938679245261,0,0,0
307,3700.0000000000455,3700.0000000000455,0,2,2,-0.4799999999999898,0.3855188679245316,0.5994355345911925,0.500643867924526,0,0,0
308,3700.0000000000455,3700.0000000000455,0,2,0,-0.5099999999999909,0.35551886792453047,0.5963522012578593,0.49551886792452604,0,0,0
309,3700.0000000000455,3700.0000000000455,0,2,0,-0.4899999999999949,0.3755188679245265,0.5929355345911926,0.4898938679245262,0,0,0
310,3700.0000000000455,3700.0000000000455,0,2,1,-0.5,0.3655188679245214,0.5895188679245259,0.4847688679245262,0,0,0
311,3700.0000000000455,3700.0000000000455,0,2,0,-0.4899999999999949,0.3755188679245265,0.5861022012578592,0.4796438679245261,0,0,0
312,3700.0000000000455,3700.0000000000455,0,2,2,-0.5099999999999909,0.35551886792453047,0.5829355345911925,0.47464386792452606,0,0,0
313,3700.0000000000455,3700.0000000000455,0,2,0,-0.4799999999999898,0.3855188679245316,0.5793522012578592,0.46926886792452616,0,0,0
314,3700.0000000000455,3700.0000000000455,0,2,0,-0.539999999999992,0.32551886792452933,0.5761022012578593,0.46439386792452614,0,0,0
315,3700.0000000000455,3700.0000000000455,0,2,0,-0.4799999999999898,0.3855188679245316,0.5724355345911927,0.4581438679245261,0,0,0
316,3700.0000000000455,3700.0000000000455,0,2,1,-0.5099999999999909,0.35551886792453047,0.569268867924526,0.45214386792452627,0,0,0
317,3700.0000000000455,3700.0000000000455,0,2,2,-0.5,0.3655188679245214,0.5659355345911927,0.44576886792452636,0,0,0
318,3700.0000000000455,3700.0000000000455,0,2,2,-0.5,0.3655188679245214,0.5626022012578594,0.4397688679245263,0,0,0
319,3700.0000000000455,3700.0000000000455,0,2,2,-0.519999999999996,0.34551886792452535,0.5590188679245259,0.4333938679245263,0,0,0
320,3700.0000000000455,3700.0000000000455,0,2,0,-0.5,0.3655188679245214,0.5554355345911925,0.42714386792452624,0,0,0
321,3700.0000000000455,3700.0000000000455,0,2,1,-0.4899999999999949,0.3755188679245265,0.5521855345911926,0.42101886792452614,0,0,0
322,3700.0000000000455,3700.0000000000455,0,2,2,-0.4799999999999898,0.3855188679245316,0.5488522012578592,0.4155188679245262,0,0,0
323,3700.0000000000455,3700.0000000000455,0,2,0,-0.5099999999999909,0.35551886792453047,0.5458522012578592,0.4102688679245263,0,0,0
324,3700.0000000000455,3700.0000000000455,0,2,0,-0.45999999999999375,0.4055188679245276,0.5421022012578594,0.40464386792452645,0,0,0
325,3700.0000000000455,3700.0000000000455,0,2,2,-0.5799999999999983,0.2855188679245231,0.5388522012578593,0.4001438679245265,0,0,0
326,3700.0000000000455,3700.0000000000455,0,2,1,-0.4799999999999898,0.3855188679245316,0.534518867924526,0.39414386792452644,0,0,0
327,3700.0000000000455,3700.0000000000455,0,2,1,-0.519999999999996,0.34551886792452535,0.5311022012578593,0.38951886792452656,0,0,0
328,3700.0000000000455,3700.0000000000455,0,2,1,-0.4799999999999898,0.3855188679245316,0.5274355345911927,0.3848938679245265,0,0,0
329,3700.0000000000455,3700.0000000000455,0,2,0,-0.519999999999996,0.34551886792452535,0.5239355345911928,0.38501886792452655,0,0,0
330,3700.0000000000455,3700.0000000000455,0,2,2,-0.4799999999999898,0.3855188679245316,0.5202688679245262,0.3841438679245265,0,0,0
331,3700.0000000000455,3700.0000000000455,0,2,1,-0.4899999999999949,0.3755188679245265,0.517435534591193,0.38401886792452655,0,0,0
332,3700.0000000000455,3700.0000000000455,0,2,2,-0.4699999999999989,0.3955188679245225,0.5145188679245263,0.3832688679245265,0,0,0
333,3700.0000000000455,3700.0000000000455,0,2,0,-0.5,0.3655188679245214,0.5116022012578596,0.3832688679245265,0,0,0
334,3700.0000000000455,3700.0000000000455,0,2,2,-0.4799999999999898,0.3855188679245316,0.5081855345911929,0.3832688679245265,0,0,0
335,3700.0000000000455,3700.0000000000455,0,2,0,-0.4899999999999949,0.3755188679245265,0.5045188679245262,0.3830188679245266,0,0,0
336,3700.0000000000455,3700.0000000000455,0,2,1,-0.4799999999999898,0.3855188679245316,0.5006855345911929,0.38276886792452663,0,0,0
337,3700.0000000000455,3700.0000000000455,0,2,0,-0.4899999999999949,0.3755188679245265,0.49676886792452624,0.3830188679245268,0,0,0
338,3700.0000000000455,3700.0000000000455,0,2,0,-0.4799999999999898,0.3855188679245316,0.4938522012578596,0.38289386792452673,0,0,0
339,3700.0000000000455,3700.0000000000455,0,2,2,-0.5,0.3655188679245214,0.49068553459119296,0.3831438679245268,0,0,0
340,3700.0000000000455,3700.0000000000455,0,2,0,-0.4299999999999926,0.43551886792452876,0.4871022012578596,0.3827688679245268,0,0,0
341,3700.0000000000455,3700.0000000000455,0,2,0,-0.4899999999999949,0.3755188679245265,0.48368553459119296,0.3832688679245269,0,0,0
342,3700.0000000000455,3700.0000000000455,0,2,1,-0.45999999999999375,0.4055188679245276,0.4786022012578596,0.38339386792452695,0,0,0
343,3700.0000000000455,3700.0000000000455,0,2,2,-0.4699999999999989,0.3955188679245225,0.4741022012578597,0.38351886792452705,0,0,0
344,3700.0000000000455,3700.0000000000455,0,2,0,-0.4299999999999926,0.43551886792452876,0.469935534591193,0.3836438679245269,0,0,0
345,3700.0000000000455,3700.0000000000455,0,2,1,-0.4399999999999977,0.42551886792452365,0.46635220125785976,0.38426886792452686,0,0,0
346,3700.0000000000455,3700.0000000000455,0,2,1,-0.4699999999999989,0.3955188679245225,0.4626855345911931,0.38464386792452687,0,0,0
347,3700.0000000000455,3700.0000000000455,0,2,0,-0.4399999999999977,0.42551886792452365,0.4591022012578597,0.3847688679245268,0,0,0
348,3700.0000000000455,3700.0000000000455,0,2,0,-0.44999999999998863,0.41551886792453274,0.45601886792452634,0.3850188679245267,0,0,0
349,3700.0000000000455,3700.0000000000455,0,2,1,-0.4200000000000017,0.44551886792451967,0.4527688679245265,0.38489386792452684,0,0,0
350,3700.0000000000455,3700.0000000000455,0,2,2,-0.4399999999999977,0.42551886792452365,0.4499355345911931,0.3852688679245267,0,0,0
351,3700.0000000000455,3700.0000000000455,0,2,1,-0.4399999999999977,0.42551886792452365,0.44701886792452633,0.3857688679245266,0,0,0
352,3700.0000000000455,3700.0000000000455,0,2,1,-0.45999999999999375,0.4055188679245276,0.4441022012578596,0.3861438679245266,0,0,0
353,3700.0000000000455,3700.0000000000455,0,2,1,-0.4799999999999898,0.3855188679245316,0.440935534591193,0.3858938679245266,0,0,0
354,3700.0000000000455,3700.0000000000455,0,2,2,-0.45999999999999375,0.4055188679245276,0.43768553459119297,0.38576886792452675,0,0,0
355,3700.0000000000455,3700.0000000000455,0,2,0,-0.4200000000000017,0.44551886792451967,0.43418553459119297,0.38589386792452685,0,0,0
356,3700.0000000000455,3700.0000000000455,0,2,0,-0.45999999999999375,0.4055188679245276,0.43068553459119296,0.3865188679245268,0,0,0
357,3700.0000000000455,3700.0000000000455,0,2,2,-0.4399999999999977,0.42551886792452365,0.42685220125785966,0.3868938679245268,0,0,0
358,3700.0000000000455,3700.0000000000455,0,2,1,-0.45999999999999375,0.4055188679245276,0.42335220125785966,0.3873938679245267,0,0,0
359,3700.0000000000455,3700.0000000000455,0,2,2,-0.4200000000000017,0.44551886792451967,0.419435534591193,0.38726886792452664,0,0,0
360,3700.0000000000455,3700.0000000000455,0,2,2,-0.44999999999998863,0.41551886792453274,0.4161022012578596,0.38776886792452653,0,0,0
361,3700.0000000000455,3700.0000000000455,0,2,0,-0.44999999999998863,0.41551886792453274,0.412435534591193,0.3871438679245266,0,0,0
362,3700.0000000000455,3700.0000000000455,0,2,2,-0.4299999999999926,0.43551886792452876,0.40910220125785973,0.3871438679245266,0,0,0
363,3700.0000000000455,3700.0000000000455,0,2,0,-0.4299999999999926,0.43551886792452876,0.40601886792452646,0.38776886792452653,0,0,0
364,3700.0000000000455,3700.0000000000455,0,2,0,-0.4399999999999977,0.42551886792452365,0.4029355345911932,0.3883938679245265,0,0,0
365,3700.0000000000455,3700.0000000000455,0,2,0,-0.4299999999999926,0.43551886792452876,0.40010220125785984,0.38901886792452645,0,0,0
366,3700.0000000000455,3700.0000000000455,0,2,0,-0.4799999999999898,0.3855188679245316,0.39735220125785986,0.38939386792452646,0,0,0
367,3700.0000000000455,3700.0000000000455,0,2,1,-0.5,0.3655188679245214,0.3942688679245266,0.3892688679245266,0,0,0
368,3700.0000000000455,3700.0000000000455,0,2,2,-0.45999999999999375,0.4055188679245276,0.39135220125785986,0.3892688679245266,0,0,0
369,3700.0000000000455,3700.0000000000455,0,2,2,-0.45999999999999375,0.4055188679245276,0.3916022012578599,0.3897688679245267,0,0,0
370,3700.0000000000455,3700.0000000000455,0,2,0,-0.45999999999999375,0.4055188679245276,0.3915188679245265,0.3900188679245266,0,0,0
371,3700.0000000000455,3700.0000000000455,0,2,1,-0.5,0.3655188679245214,0.3916022012578599,0.3902688679245266,0,0,0
372,3700.0000000000455,3700.0000000000455,0,2,2,-0.4699999999999989,0.3955188679245225,0.3910188679245265,0.38951886792452656,0,0,0
373,3700.0000000000455,3700.0000000000455,0,2,1,-0.44999999999998863,0.41551886792453274,0.3910188679245265,0.38889386792452657,0,0,0
374,3700.0000000000455,3700.0000000000455,0,2,1,-0.45999999999999375,0.4055188679245276,0.39143553459119323,0.3892688679245266,0,0,0
375,3700.0000000000455,3700.0000000000455,0,2,1,-0.4699999999999989,0.3955188679245225,0.39143553459119323,0.3897688679245267,0,0,0
376,3700.0000000000455,3700.0000000000455,0,2,2,-0.4399999999999977,0.42551886792452365,0.39143553459119323,0.3901438679245267,0,0,0
377,3700.0000000000455,3700.0000000000455,0,2,2,-0.4699999999999989,0.3955188679245225,0.3919355345911933,0.3906438679245266,0,0,0
378,3700.0000000000455,3700.0000000000455,0,2,0,-0.4799999999999898,0.3855188679245316,0.3920188679245265,0.3906438679245266,0,0,0
379,3700.0000000000455,3700.0000000000455,0,2,0,-0.5099999999999909,0.35551886792453047,0.39218553459119326,0.3906438679245266,0,0,0
380,3700.0000000000455,3700.0000000000455,0,2,1,-0.4799999999999898,0.3855188679245316,0.39185220125786,0.3902688679245266,0,0,0
381,3700.0000000000455,3700.0000000000455,0,2,2,-0.4899999999999949,0.3755188679245265,0.39176886792452675,0.3901438679245267,0,0,0
382,3700.0000000000455,3700.0000000000455,0,2,2,-0.5,0.3655188679245214,0.39185220125786013,0.39026886792452675,0,0,0
383,3700.0000000000455,3700.0000000000455,0,2,0,-0.4899999999999949,0.3755188679245265,0.3916022012578601,0.38989386792452674,0,0,0
384,3700.0000000000455,3700.0000000000455,0,2,2,-0.5,0.3655188679245214,0.3915188679245267,0.38989386792452674,0,0,0
385,3700.0000000000455,3700.0000000000455,0,2,2,-0.5099999999999909,0.35551886792453047,0.39135220125785997,0.3895188679245267,0,0,0
386,3700.0000000000455,3700.0000000000455,0,2,1,-0.4899999999999949,0.3755188679245265,0.3910188679245267,0.3895188679245267,0,0,0
387,3700.0000000000455,3700.0000000000455,0,2,2,-0.4899999999999949,0.3755188679245265,0.39093553459119335,0.38964386792452677,0,0,0
388,3700.0000000000455,3700.0000000000455,0,2,1,-0.3999999999999915,0.4655188679245299,0.3906855345911933,0.3895188679245267,0,0,0
389,3700.0000000000455,3700.0000000000455,0,2,0,-0.36999999999999034,0.49551886792453104,0.3910188679245267,0.39089386792452674,0,0,0
390,3700.0000000000455,3700.0000000000455,0,2,2,-0.3399999999999892,0.5255188679245322,0.3916855345911934,0.3923938679245268,0,0,0
391,3700.0000000000455,3700.0000000000455,0,2,0,-0.40999999999999653,0.4555188679245248,0.39285220125786,0.3943938679245269,0,0,0
392,3700.0000000000455,3700.0000000000455,0,2,0,-0.44999999999998863,0.41551886792453274,0.3933522012578601,0.3953938679245269,0,0,0
393,3700.0000000000455,3700.0000000000455,0,2,0,-0.4699999999999989,0.3955188679245225,0.3932688679245268,0.39614386792452694,0,0,0
394,3700.0000000000455,3700.0000000000455,0,2,2,-0.4399999999999977,0.42551886792452365,0.3932688679245268,0.3962688679245268,0,0,0
395,3700.0000000000455,3700.0000000000455,0,2,1,-0.4200000000000017,0.44551886792451967,0.39351886792452684,0.39751886792452673,0,0,0
396,3700.0000000000455,3700.0000000000455,0,2,0,-0.40999999999999653,0.4555188679245248,0.39393553459119346,0.3982688679245266,0,0,0
397,3700.0000000000455,3700.0000000000455,0,2,0,-0.4200000000000017,0.44551886792451967,0.3946022012578601,0.3995188679245265,0,0,0
398,3700.0000000000455,3700.0000000000455,0,2,0,-0.36999999999999034,0.49551886792453104,0.39510220125786,0.4005188679245265,0,0,0
399,3700.0000000000455,3700.0000000000455,0,2,1,-0.36999999999999034,0.49551886792453104,0.39576886792452665,0.4021438679245266,0,0,0
400,3700.0000000000455,3700.0000000000455,0,2,0,-0.37999999999999545,0.4855188679245259,0.3965188679245267,0.4040188679245267,0,0,0
401,3700.0000000000455,3700.0000000000455,0,2,0,-0.35999999999999943,0.5055188679245219,0.3966855345911933,0.40551886792452674,0,0,0
402,3700.0000000000455,3700.0000000000455,0,2,1,-0.3999999999999915,0.4655188679245299,0.39743553459119324,0.40714386792452667,0,0,0
403,3700.0000000000455,3700.0000000000455,0,2,1,-0.40999999999999653,0.4555188679245248,0.3981022012578599,0.40814386792452667,0,0,0
404,3700.0000000000455,3700.0000000000455,0,2,0,-0.4200000000000017,0.44551886792451967,0.39868553459119316,0.4093938679245266,0,0,0
405,3700.0000000000455,3700.0000000000455,0,2,1,-0.4299999999999926,0.43551886792452876,0.3992688679245264,0.4098938679245265,0,0,0
406,3700.0000000000455,3700.0000000000455,0,2,1,-0.4200000000000017,0.44551886792451967,0.39951886792452646,0.41176886792452655,0,0,0
407,3700.0000000000455,3700.0000000000455,0,2,0,-0.45999999999999375,0.4055188679245276,0.3999355345911931,0.4125188679245264,0,0,0
408,3700.0000000000455,3700.0000000000455,0,2,2,-0.45999999999999375,0.4055188679245276,0.4002688679245265,0.41326886792452644,0,0,0
409,3700.0000000000455,3700.0000000000455,0,2,0,-0.4399999999999977,0.42551886792452365,0.4006022012578599,0.4135188679245264,0,0,0
410,3700.0000000000455,3700.0000000000455,0,2,2,-0.4399999999999977,0.42551886792452365,0.40093553459119313,0.41451886792452636,0,0,0
411,3700.0000000000455,3700.0000000000455,0,2,2,-0.4299999999999926,0.43551886792452876,0.4012688679245264,0.41501886792452625,0,0,0
412,3700.0000000000455,3700.0000000000455,0,2,0,-0.45999999999999375,0.4055188679245276,0.40135220125785975,0.4157688679245263,0,0,0
413,3700.0000000000455,3700.0000000000455,0,2,2,-0.44999999999998863,0.41551886792453274,0.4010188679245265,0.4158938679245264,0,0,0
414,3700.0000000000455,3700.0000000000455,0,2,0,-0.4699999999999989,0.3955188679245225,0.40126886792452654,0.4165188679245265,0,0,0
415,3700.0000000000455,3700.0000000000455,0,2,1,-0.4699999999999989,0.3955188679245225,0.4015188679245265,0.4166438679245264,0,0,0
416,3700.0000000000455,3700.0000000000455,0,2,0,-0.44999999999998863,0.41551886792453274,0.40176886792452654,0.4168938679245263,0,0,0
417,3700.0000000000455,3700.0000000000455,0,2,2,-0.4699999999999989,0.3955188679245225,0.40201886792452657,0.41726886792452633,0,0,0
418,3700.0000000000455,3700.0000000000455,0,2,0,-0.4899999999999949,0.3755188679245265,0.40201886792452657,0.4175188679245263,0,0,0
419,3700.0000000000455,3700.0000000000455,0,2,1,-0.4899999999999949,0.3755188679245265,0.4019355345911932,0.41739386792452626,0,0,0
420,3700.0000000000455,3700.0000000000455,0,2,1,-0.44999999999998863,0.41551886792453274,0.4018522012578598,0.4175188679245263,0,0,0
421,3700.0000000000455,3700.0000000000455,0,2,2,-0.45999999999999375,0.4055188679245276,0.40201886792452657,0.41726886792452633,0,0,0
422,3700.0000000000455,3700.0000000000455,0,2,1,-0.5099999999999909,0.35551886792453047,0.4023522012578599,0.41764386792452635,0,0,0
423,3700.0000000000455,3700.0000000000455,0,2,0,-0.4799999999999898,0.3855188679245316,0.4020188679245267,0.4170188679245264,0,0,0
424,3700.0000000000455,3700.0000000000455,0,2,0,-0.4899999999999949,0.3755188679245265,0.40210220125786006,0.41689386792452654,0,0,0
425,3700.0000000000455,3700.0000000000455,0,2,1,-0.4899999999999949,0.3755188679245265,0.4019355345911934,0.4161438679245265,0,0,0
426,3700.0000000000455,3700.0000000000455,0,2,2,-0.5099999999999909,0.35551886792453047,0.40210220125786006,0.4155188679245265,0,0,0
427,3700.0000000000455,3700.0000000000455,0,2,1,-0.4899999999999949,0.3755188679245265,0.4020188679245268,0.41501886792452664,0,0,0
428,3700.0000000000455,3700.0000000000455,0,2,0,-0.5,0.3655188679245214,0.4019355345911934,0.41439386792452665,0,0,0
429,3700.0000000000455,3700.0000000000455,0,2,0,-0.5099999999999909,0.35551886792453047,0.4020188679245267,0.4137688679245265,0,0,0
430,3700.0000000000455,3700.0000000000455,0,2,2,-0.5,0.3655188679245214,0.40185220125786003,0.4126438679245267,0,0,0
431,3700.0000000000455,3700.0000000000455,0,2,0,-0.4899999999999949,0.3755188679245265,0.40185220125786003,0.41189386792452665,0,0,0
432,3700.0000000000455,3700.0000000000455,0,2,0,-0.5,0.3655188679245214,0.40185220125786003,0.41126886792452666,0,0,0
433,3700.0000000000455,3700.0000000000455,0,2,0,-0.5099999999999909,0.35551886792453047,0.4019355345911933,0.4107688679245266,0,0,0
434,3700.0000000000455,3700.0000000000455,0,2,2,-0.5099999999999909,0.35551886792453047,0.40168553459119327,0.4103938679245266,0,0,0
435,3700.0000000000455,3700.0000000000455,0,2,2,-0.4799999999999898,0.3855188679245316,0.4019355345911933,0.4097688679245266,0,0,0
436,3700.0000000000455,3700.0000000000455,0,2,1,-0.4799999999999898,0.3855188679245316,0.4019355345911933,0.40901886792452674,0,0,0
437,3700.0000000000455,3700.0000000000455,0,2,2,-0.4299999999999926,0.43551886792452876,0.40218553459119327,0.4087688679245268,0,0,0
438,3700.0000000000455,3700.0000000000455,0,2,2,-0.4799999999999898,0.3855188679245316,0.4027688679245267,0.40889386792452687,0,0,0
439,3700.0000000000455,3700.0000000000455,0,2,2,-0.45999999999999375,0.4055188679245276,0.40293553459119347,0.4086438679245269,0,0,0
440,3700.0000000000455,3700.0000000000455,0,2,0,-0.4200000000000017,0.44551886792451967,0.40343553459119347,0.408143867924527,0,0,0
